{
  "lang":"en",
  "name":"pipeline",
  "version":"0.0.0",
  "spacy_version":">=3.0.6,<3.1.0",
  "description":"",
  "author":"",
  "email":"",
  "url":"",
  "license":"",
  "spacy_git_version":"df3444421",
  "vectors":{
    "width":0,
    "vectors":0,
    "keys":0,
    "name":null
  },
  "labels":{
    "tok2vec":[

    ],
    "ner":[
      "B",
      "I"
    ]
  },
  "pipeline":[
    "tok2vec",
    "ner"
  ],
  "components":[
    "tok2vec",
    "ner"
  ],
  "disabled":[

  ],
  "performance":{
    "ents_per_type":{
      "B-gpe":{
        "p":0.963314358,
        "r":0.9627054362,
        "f":0.9630098008
      },
      "B-per":{
        "p":0.7939429929,
        "r":0.801558753,
        "f":0.7977326969
      },
      "I-per":{
        "p":0.8623682579,
        "r":0.842519685,
        "f":0.8523284314
      },
      "B-geo":{
        "p":0.859103161,
        "r":0.9154046997,
        "f":0.8863607635
      },
      "I-org":{
        "p":0.8571428571,
        "r":0.7473806752,
        "f":0.7985074627
      },
      "B-org":{
        "p":0.8163507109,
        "r":0.7066666667,
        "f":0.7575590984
      },
      "B-tim":{
        "p":0.9140859141,
        "r":0.8896451142,
        "f":0.9016999261
      },
      "I-tim":{
        "p":0.8347245409,
        "r":0.756429652,
        "f":0.7936507937
      },
      "I-geo":{
        "p":0.8175675676,
        "r":0.831043956,
        "f":0.8242506812
      },
      "B-art":{
        "p":0.1923076923,
        "r":0.1282051282,
        "f":0.1538461538
      },
      "I-art":{
        "p":0.064516129,
        "r":0.0952380952,
        "f":0.0769230769
      },
      "B-nat":{
        "p":0.5555555556,
        "r":0.6060606061,
        "f":0.5797101449
      },
      "I-nat":{
        "p":0.8,
        "r":0.5,
        "f":0.6153846154
      },
      "B-eve":{
        "p":0.4285714286,
        "r":0.3157894737,
        "f":0.3636363636
      },
      "I-eve":{
        "p":0.8333333333,
        "r":0.2631578947,
        "f":0.4
      },
      "I-gpe":{
        "p":0.75,
        "r":0.75,
        "f":0.75
      }
    },
    "ents_f":0.8481204911,
    "ents_p":0.8584422239,
    "ents_r":0.838044022,
    "tok2vec_loss":1787.653801214,
    "ner_loss":5680.5612579988
  }
}