{
  "lang":"en",
  "name":"pipeline",
  "version":"0.0.0",
  "spacy_version":">=3.0.6,<3.1.0",
  "description":"",
  "author":"",
  "email":"",
  "url":"",
  "license":"",
  "spacy_git_version":"df3444421",
  "vectors":{
    "width":0,
    "vectors":0,
    "keys":0,
    "name":null
  },
  "labels":{
    "tok2vec":[

    ],
    "ner":[
      "B",
      "I"
    ]
  },
  "pipeline":[
    "tok2vec",
    "ner"
  ],
  "components":[
    "tok2vec",
    "ner"
  ],
  "disabled":[

  ],
  "performance":{
    "ents_per_type":{
      "B-gpe":{
        "p":0.9698524695,
        "r":0.9557522124,
        "f":0.9627507163
      },
      "B-per":{
        "p":0.8253664755,
        "r":0.7763788969,
        "f":0.8001235712
      },
      "I-per":{
        "p":0.8391647856,
        "r":0.9006662629,
        "f":0.868828513
      },
      "B-org":{
        "p":0.739692002,
        "r":0.7635897436,
        "f":0.751450921
      },
      "I-org":{
        "p":0.7952846463,
        "r":0.8050058207,
        "f":0.8001157073
      },
      "B-geo":{
        "p":0.8774472413,
        "r":0.9010443864,
        "f":0.8890892696
      },
      "B-tim":{
        "p":0.9139626352,
        "r":0.9037433155,
        "f":0.9088242484
      },
      "I-tim":{
        "p":0.8617200675,
        "r":0.7730711044,
        "f":0.8149920255
      },
      "I-geo":{
        "p":0.8241912799,
        "r":0.8049450549,
        "f":0.8144544823
      },
      "B-art":{
        "p":0.0,
        "r":0.0,
        "f":0.0
      },
      "I-art":{
        "p":0.25,
        "r":0.0476190476,
        "f":0.08
      },
      "I-nat":{
        "p":0.6666666667,
        "r":0.25,
        "f":0.3636363636
      },
      "B-nat":{
        "p":0.6875,
        "r":0.3333333333,
        "f":0.4489795918
      },
      "I-eve":{
        "p":0.375,
        "r":0.1578947368,
        "f":0.2222222222
      },
      "B-eve":{
        "p":0.625,
        "r":0.2631578947,
        "f":0.3703703704
      },
      "I-gpe":{
        "p":1.0,
        "r":0.625,
        "f":0.7692307692
      }
    },
    "ents_f":0.8509307055,
    "ents_p":0.8514367996,
    "ents_r":0.8504252126,
    "tok2vec_loss":1652.8607192384,
    "ner_loss":6629.2114724466
  }
}